Changing Variable,mean_neg_dwell_time,mean_pos_dwell_time,pos_time_fraction,neg_time_fraction,pos_fraction + neg_fraction,p,sigma,B,x0,y0,z0,steps,dt
25,2.0544572368777714,2.0573889802981564,0.5003564996434131,0.49964350035658694,1.0,25,10,2.6666666666666665,1.0000001,0,0,1000000,0.01
25,2.03192790606989,2.017481781411052,0.49831750168246425,0.5016824983175358,1.0,25,10,2.6666666666666665,1.0000002,1e-06,1e-06,1000000,0.01
25,2.0500324543960993,2.0059529602941897,0.49466750533254067,0.5053324946674593,1.0,25,10,2.6666666666666665,1.0000003,2e-06,2e-06,1000000,0.01
25,2.0713600334102815,2.100525657107806,0.5034954965045918,0.49650450349540826,1.0,25,10,2.6666666666666665,1.0000004,3e-06,3e-06,1000000,0.01
25,2.095147486533533,2.0594058994954896,0.4956985043015411,0.5043014956984588,1.0,25,10,2.6666666666666665,1.0000005,4e-06,4e-06,1000000,0.01
25,2.0610521955610253,2.0814540182632735,0.5024624975376215,0.4975375024623785,1.0,25,10,2.6666666666666665,1.0000005,5e-06,5e-06,1000000,0.01
26,1.8768529076718887,1.9239870771900862,0.5062004937995185,0.49379950620048146,1.0,26,10,2.6666666666666665,1.0000001,0,0,1000000,0.01
26,1.9118254269778236,1.8825303490460132,0.4962345037654972,0.5037654962345027,1.0,26,10,2.6666666666666665,1.0000002,1e-06,1e-06,1000000,0.01
26,1.9460744763718223,1.932155874402985,0.4983025016974645,0.5016974983025355,1.0,26,10,2.6666666666666665,1.0000003,2e-06,2e-06,1000000,0.01
26,1.9344712644008824,1.8969501916036604,0.49510350489654176,0.5048964951034582,1.0,26,10,2.6666666666666665,1.0000004,3e-06,3e-06,1000000,0.01
26,1.9081814716304641,1.9042508578288788,0.4994845005154304,0.5005154994845695,1.0,26,10,2.6666666666666665,1.0000005,4e-06,4e-06,1000000,0.01
26,1.9468547465069106,1.8655775829524324,0.4893405106595027,0.5106594893404973,1.0,26,10,2.6666666666666665,1.0000005,5e-06,5e-06,1000000,0.01
27,1.8468523268912984,1.8174972517718957,0.4959945040055223,0.5040054959944776,1.0,27,10,2.6666666666666665,1.0000001,0,0,1000000,0.01
27,1.7830716846184804,1.8005159441369747,0.5025234974764959,0.49747650252350406,1.0,27,10,2.6666666666666665,1.0000002,1e-06,1e-06,1000000,0.01
27,1.821773667060852,1.8053608995593355,0.49773750226245256,0.5022624977375474,1.0,27,10,2.6666666666666665,1.0000003,2e-06,2e-06,1000000,0.01
27,1.7662656641906707,1.814117436479525,0.5066824933175303,0.49331750668246965,1.0,27,10,2.6666666666666665,1.0000004,3e-06,3e-06,1000000,0.01
27,1.8027634915196797,1.8191162622549877,0.5022574977424727,0.49774250225752725,1.0,27,10,2.6666666666666665,1.0000005,4e-06,4e-06,1000000,0.01
27,1.8037606837915336,1.7574964387767913,0.4935045064955353,0.5064954935044647,1.0,27,10,2.6666666666666665,1.0000005,5e-06,5e-06,1000000,0.01
28,1.7362249827764504,1.7138427044103839,0.4968425031575286,0.5031574968424715,1.0,28,10,2.6666666666666665,1.0000001,0,0,1000000,0.01
28,1.7398085625078574,1.740271398777586,0.5001534998465829,0.4998465001534171,1.0,28,10,2.6666666666666665,1.0000002,1e-06,1e-06,1000000,0.01
28,1.7195998608503018,1.7598747390703164,0.5057874942126224,0.4942125057873776,1.0,28,10,2.6666666666666665,1.0000003,2e-06,2e-06,1000000,0.01
28,1.7364485981606612,1.724960193868365,0.49834050165950466,0.5016594983404954,1.0,28,10,2.6666666666666665,1.0000004,3e-06,3e-06,1000000,0.01
28,1.7312400415951414,1.732566678242703,0.5001914998085724,0.49980850019142764,1.0,28,10,2.6666666666666665,1.0000005,4e-06,4e-06,1000000,0.01
28,1.7504871977539203,1.805062211193684,0.5077634922365648,0.4922365077634352,1.0,28,10,2.6666666666666665,1.0000005,5e-06,5e-06,1000000,0.01
29,1.6424602649288345,1.6688013245320452,0.5039774960225204,0.49602250397747955,1.0,29,10,2.6666666666666665,1.0000001,0,0,1000000,0.01
29,1.6951962429008396,1.6593861120712694,0.49466250533743894,0.5053374946625611,1.0,29,10,2.6666666666666665,1.0000002,1e-06,1e-06,1000000,0.01
29,1.6816878767868055,1.6672772940678016,0.49784850215158755,0.5021514978484125,1.0,29,10,2.6666666666666665,1.0000003,2e-06,2e-06,1000000,0.01
29,1.6941172507027022,1.6745941394699349,0.49718650281357635,0.5028134971864237,1.0,29,10,2.6666666666666665,1.0000004,3e-06,3e-06,1000000,0.01
29,1.689833163120474,1.7144213751147122,0.5036964963035497,0.4963035036964502,1.0,29,10,2.6666666666666665,1.0000005,4e-06,4e-06,1000000,0.01
29,1.677590402191638,1.7013581081374325,0.5036014963985289,0.49639850360147114,1.0,29,10,2.6666666666666665,1.0000005,5e-06,5e-06,1000000,0.01
30,1.6439617035608858,1.6574612083479476,0.5020444979554675,0.4979555020445326,1.0,30,10,2.6666666666666665,1.0000001,0,0,1000000,0.01
30,1.6421329822531092,1.6489667654119482,0.5011204988795801,0.4988795011204199,1.0,30,10,2.6666666666666665,1.0000002,1e-06,1e-06,1000000,0.01
30,1.6629091505693772,1.6168579862531405,0.49297950702060334,0.5070204929793967,1.0,30,10,2.6666666666666665,1.0000003,2e-06,2e-06,1000000,0.01
30,1.6306967615589751,1.640487405981704,0.5014964985034899,0.4985035014965101,1.0,30,10,2.6666666666666665,1.0000004,3e-06,3e-06,1000000,0.01
30,1.644982148681207,1.6002011681002781,0.4931815068185233,0.5068184931814768,1.0,30,10,2.6666666666666665,1.0000005,4e-06,4e-06,1000000,0.01
30,1.6549572087183497,1.636146758830375,0.49722450277550306,0.5027754972244969,1.0,30,10,2.6666666666666665,1.0000005,5e-06,5e-06,1000000,0.01
31,1.5907875281534214,1.623094473035528,0.5051064948934808,0.4948935051065192,1.0,31,10,2.6666666666666665,1.0000001,0,0,1000000,0.01
31,1.6135106722163042,1.571719745249961,0.4935195064804998,0.5064804935195002,1.0,31,10,2.6666666666666665,1.0000002,1e-06,1e-06,1000000,0.01
31,1.6224855119401462,1.5970927237880754,0.4960565039435472,0.5039434960564527,1.0,31,10,2.6666666666666665,1.0000003,2e-06,2e-06,1000000,0.01
31,1.6032396166411091,1.591651757215714,0.49818650181345503,0.501813498186545,1.0,31,10,2.6666666666666665,1.0000004,3e-06,3e-06,1000000,0.01
31,1.5778969007229684,1.584160607045789,0.5010694989304729,0.4989305010695271,1.0,31,10,2.6666666666666665,1.0000005,4e-06,4e-06,1000000,0.01
31,1.5718835074660147,1.5936783792613853,0.503442496557523,0.49655750344247696,1.0,31,10,2.6666666666666665,1.0000005,5e-06,5e-06,1000000,0.01
32,1.5168631643513044,1.5370381679650948,0.503379496620421,0.49662050337957897,1.0,32,10,2.6666666666666665,1.0000001,0,0,1000000,0.01
32,1.5230266419097005,1.5748698885028944,0.508367491632506,0.4916325083674939,1.0,32,10,2.6666666666666665,1.0000002,1e-06,1e-06,1000000,0.01
32,1.549661642598279,1.525848708513177,0.4962055037944538,0.5037944962055463,1.0,32,10,2.6666666666666665,1.0000003,2e-06,2e-06,1000000,0.01
32,1.5532820670828589,1.5226976315242948,0.4950285049715359,0.5049714950284642,1.0,32,10,2.6666666666666665,1.0000004,3e-06,3e-06,1000000,0.01
32,1.5351816206410343,1.5694473766181576,0.5055184944815264,0.4944815055184736,1.0,32,10,2.6666666666666665,1.0000005,4e-06,4e-06,1000000,0.01
32,1.5733777090055292,1.5221293717375417,0.49179950820043966,0.5082004917995604,1.0,32,10,2.6666666666666665,1.0000005,5e-06,5e-06,1000000,0.01
33,1.5339141104556895,1.5331033425594325,0.499944500055539,0.500055499944461,1.0,33,10,2.6666666666666665,1.0000001,0,0,1000000,0.01
33,1.5353762136186724,1.498152866267732,0.4939405060594764,0.5060594939405235,1.0,33,10,2.6666666666666665,1.0000002,1e-06,1e-06,1000000,0.01
33,1.5502226288770184,1.4994906984093055,0.4916825083174531,0.5083174916825469,1.0,33,10,2.6666666666666665,1.0000003,2e-06,2e-06,1000000,0.01
33,1.5564775194064788,1.5438220707024062,0.4980365019635352,0.5019634980364648,1.0,33,10,2.6666666666666665,1.0000004,3e-06,3e-06,1000000,0.01
33,1.5347777778041958,1.551645061755019,0.5027324972674891,0.49726750273251086,1.0,33,10,2.6666666666666665,1.0000005,4e-06,4e-06,1000000,0.01
33,1.5071171711376736,1.4891431995462672,0.4970755029244985,0.5029244970755015,1.0,33,10,2.6666666666666665,1.0000005,5e-06,5e-06,1000000,0.01
34,1.4427864506874712,1.5027245950185248,0.5101744898255317,0.48982551017446835,1.0,34,10,2.6666666666666665,1.0000001,0,0,1000000,0.01
34,1.5169096385803622,1.4946913580503023,0.4963865036134711,0.503613496386529,1.0,34,10,2.6666666666666665,1.0000002,1e-06,1e-06,1000000,0.01
34,1.4815767511434852,1.499052160979274,0.5029314970684061,0.4970685029315939,1.0,34,10,2.6666666666666665,1.0000003,2e-06,2e-06,1000000,0.01
34,1.4704433204656902,1.504864623649709,0.5057844942154807,0.4942155057845193,1.0,34,10,2.6666666666666665,1.0000004,3e-06,3e-06,1000000,0.01
34,1.5032699732958952,1.4667359667610862,0.49384950615046447,0.5061504938495355,1.0,34,10,2.6666666666666665,1.0000005,4e-06,4e-06,1000000,0.01
34,1.4685332541820053,1.500145443777638,0.5053984946015061,0.4946015053984939,1.0,34,10,2.6666666666666665,1.0000005,5e-06,5e-06,1000000,0.01
35,1.4877591777053258,1.4486758661436354,0.4934185065815359,0.5065814934184641,1.0,35,10,2.6666666666666665,1.0000001,0,0,1000000,0.01
35,1.4703786982500473,1.4882041420374843,0.5030124969875281,0.4969875030124719,1.0,35,10,2.6666666666666665,1.0000002,1e-06,1e-06,1000000,0.01
35,1.4725066352362113,1.4760436321007855,0.5006734993264828,0.4993265006735173,1.0,35,10,2.6666666666666665,1.0000003,2e-06,2e-06,1000000,0.01
35,1.4663305979149026,1.4645046893570366,0.49968850031153306,0.5003114996884669,1.0,35,10,2.6666666666666665,1.0000004,3e-06,3e-06,1000000,0.01
35,1.4844235925189213,1.4944295502191949,0.5016794983204638,0.4983205016795363,1.0,35,10,2.6666666666666665,1.0000005,4e-06,4e-06,1000000,0.01
35,1.439953596312366,1.4602813225309799,0.5035044964955323,0.4964955035044677,1.0,35,10,2.6666666666666665,1.0000005,5e-06,5e-06,1000000,0.01
36,1.4559035797017017,1.4305223665469442,0.4956755043244933,0.5043244956755066,1.0,36,10,2.6666666666666665,1.0000001,0,0,1000000,0.01
36,1.45623117036119,1.4406431054707498,0.49730950269045354,0.5026904973095465,1.0,36,10,2.6666666666666665,1.0000002,1e-06,1e-06,1000000,0.01
36,1.443981614503551,1.428758977329789,0.4973505026494497,0.5026494973505503,1.0,36,10,2.6666666666666665,1.0000003,2e-06,2e-06,1000000,0.01
36,1.4665004400372508,1.46648387099263,0.5000704999293929,0.4999295000706071,1.0,36,10,2.6666666666666665,1.0000004,3e-06,3e-06,1000000,0.01
36,1.4406025825213158,1.4284308663468361,0.4979505020494474,0.5020494979505525,1.0,36,10,2.6666666666666665,1.0000005,4e-06,4e-06,1000000,0.01
36,1.4337648078835499,1.4555764230242387,0.5037744962255352,0.4962255037744649,1.0,36,10,2.6666666666666665,1.0000005,5e-06,5e-06,1000000,0.01
37,1.4504873803555205,1.4505889179246816,0.5000174999825446,0.4999825000174553,1.0,37,10,2.6666666666666665,1.0000001,0,0,1000000,0.01
37,1.407321676404934,1.3677663707227743,0.4929425070575093,0.5070574929424907,1.0,37,10,2.6666666666666665,1.0000002,1e-06,1e-06,1000000,0.01
37,1.4297332576863226,1.407954029536111,0.49616250383749483,0.5038374961625052,1.0,37,10,2.6666666666666665,1.0000003,2e-06,2e-06,1000000,0.01
37,1.4155690141088928,1.40133521129163,0.49747350252647676,0.5025264974735233,1.0,37,10,2.6666666666666665,1.0000004,3e-06,3e-06,1000000,0.01
37,1.4144980147719384,1.4215796937283045,0.5012484987514871,0.49875150124851286,1.0,37,10,2.6666666666666665,1.0000005,4e-06,4e-06,1000000,0.01
37,1.3929392080551244,1.3952969055160804,0.5004924995075173,0.49950750049248277,1.0,37,10,2.6666666666666665,1.0000005,5e-06,5e-06,1000000,0.01
38,1.3599890948979398,1.366294983665816,0.5011564988435098,0.4988435011564902,1.0,38,10,2.6666666666666665,1.0000001,0,0,1000000,0.01
38,1.38798839460801,1.3752086211896846,0.4976875023124914,0.5023124976875086,1.0,38,10,2.6666666666666665,1.0000002,1e-06,1e-06,1000000,0.01
38,1.4006692803378251,1.399277715589441,0.49982150017845833,0.5001784998215416,1.0,38,10,2.6666666666666665,1.0000003,2e-06,2e-06,1000000,0.01
38,1.4071895787382336,1.3640537545259934,0.49228650771346305,0.507713492286537,1.0,38,10,2.6666666666666665,1.0000004,3e-06,3e-06,1000000,0.01
38,1.3771471719071844,1.368223991239608,0.4984435015565215,0.5015564984434785,1.0,38,10,2.6666666666666665,1.0000005,4e-06,4e-06,1000000,0.01
38,1.35615763549126,1.3805719759405564,0.5044604955395142,0.4955395044604857,1.0,38,10,2.6666666666666665,1.0000005,5e-06,5e-06,1000000,0.01
39,1.411138750715072,1.352822001129001,0.4894505105495505,0.5105494894504494,1.0,39,10,2.6666666666666665,1.0000001,0,0,1000000,0.01
39,1.3382276773901292,1.3590075512639286,0.5039194960805085,0.49608050391949154,1.0,39,10,2.6666666666666665,1.0000002,1e-06,1e-06,1000000,0.01
39,1.330063965907824,1.3348281375128435,0.5009604990394617,0.49903950096053823,1.0,39,10,2.6666666666666665,1.0000003,2e-06,2e-06,1000000,0.01
39,1.3521831937545319,1.3494273365981453,0.4995575004425477,0.5004424995574523,1.0,39,10,2.6666666666666665,1.0000004,3e-06,3e-06,1000000,0.01
39,1.3662119967365576,1.372766365403091,0.5011964988035563,0.4988035011964437,1.0,39,10,2.6666666666666665,1.0000005,4e-06,4e-06,1000000,0.01
39,1.3559007904291518,1.3692670299965393,0.5025204974795963,0.49747950252040374,1.0,39,10,2.6666666666666665,1.0000005,5e-06,5e-06,1000000,0.01
40,1.3271497845055389,1.3668184267476553,0.5073624926375176,0.49263750736248235,1.0,40,10,2.6666666666666665,1.0000001,0,0,1000000,0.01
40,1.3388501464163998,1.322498669527792,0.4969945030055001,0.5030054969944999,1.0,40,10,2.6666666666666665,1.0000002,1e-06,1e-06,1000000,0.01
40,1.3327396893640528,1.3449959839588979,0.5023554976445174,0.49764450235548263,1.0,40,10,2.6666666666666665,1.0000003,2e-06,2e-06,1000000,0.01
40,1.3343941411679998,1.3283706070516552,0.4989355010645261,0.5010644989354739,1.0,40,10,2.6666666666666665,1.0000004,3e-06,3e-06,1000000,0.01
40,1.3324725422143504,1.3463407447323028,0.502588497411434,0.4974115025885661,1.0,40,10,2.6666666666666665,1.0000005,4e-06,4e-06,1000000,0.01
40,1.3687142085594437,1.3325310643124786,0.49330250669749515,0.5066974933025049,1.0,40,10,2.6666666666666665,1.0000005,5e-06,5e-06,1000000,0.01
41,1.3106943714059451,1.3195028932368367,0.5016744983255254,0.49832550167447465,1.0,41,10,2.6666666666666665,1.0000001,0,0,1000000,0.01
41,1.3064053487375873,1.3151716907173523,0.5017374982625489,0.49826250173745107,1.0,41,10,2.6666666666666665,1.0000002,1e-06,1e-06,1000000,0.01
41,1.3281296101387772,1.3058809586739684,0.49584250415748027,0.5041574958425197,1.0,41,10,2.6666666666666665,1.0000003,2e-06,2e-06,1000000,0.01
41,1.3286610214568984,1.3175443239180304,0.4978995021005649,0.5021004978994351,1.0,41,10,2.6666666666666665,1.0000004,3e-06,3e-06,1000000,0.01
41,1.33191773646513,1.2876060765019528,0.49160750839248857,0.5083924916075114,1.0,41,10,2.6666666666666665,1.0000005,4e-06,4e-06,1000000,0.01
41,1.3158664212688598,1.3132939011793856,0.4995765004235523,0.5004234995764477,1.0,41,10,2.6666666666666665,1.0000005,5e-06,5e-06,1000000,0.01
42,1.3089809747424566,1.2968863991883925,0.4977445022554487,0.5022554977445512,1.0,42,10,2.6666666666666665,1.0000001,0,0,1000000,0.01
42,1.3076519697589157,1.3009337506744738,0.4987775012225202,0.5012224987774798,1.0,42,10,2.6666666666666665,1.0000002,1e-06,1e-06,1000000,0.01
42,1.2972553576262087,1.2847250193869224,0.4975735024265015,0.5024264975734986,1.0,42,10,2.6666666666666665,1.0000003,2e-06,2e-06,1000000,0.01
42,1.2688451646309986,1.3028387760572213,0.5066734933264525,0.4933265066735475,1.0,42,10,2.6666666666666665,1.0000004,3e-06,3e-06,1000000,0.01
42,1.2842077786699329,1.3257332985614152,0.5080204919795117,0.4919795080204883,1.0,42,10,2.6666666666666665,1.0000005,4e-06,4e-06,1000000,0.01
42,1.292816431344414,1.2742530801040461,0.49644850355150105,0.503551496448499,1.0,42,10,2.6666666666666665,1.0000005,5e-06,5e-06,1000000,0.01
43,1.2489203407027059,1.2560921843904445,0.5014314985685494,0.49856850143145054,1.0,43,10,2.6666666666666665,1.0000001,0,0,1000000,0.01
43,1.2710119198799117,1.264809837749839,0.49884050115946243,0.5011594988405376,1.0,43,10,2.6666666666666665,1.0000002,1e-06,1e-06,1000000,0.01
43,1.261725875557114,1.2578029730626532,0.49922150077848687,0.5007784992215131,1.0,43,10,2.6666666666666665,1.0000003,2e-06,2e-06,1000000,0.01
43,1.2273664596484217,1.2567958271452955,0.5059854940145062,0.4940145059854938,1.0,43,10,2.6666666666666665,1.0000004,3e-06,3e-06,1000000,0.01
43,1.2526307847296927,1.2624622736636315,0.5019544980455354,0.4980455019544646,1.0,43,10,2.6666666666666665,1.0000005,4e-06,4e-06,1000000,0.01
43,1.2585309601621157,1.248052631600295,0.49797250202745763,0.5020274979725423,1.0,43,10,2.6666666666666665,1.0000005,5e-06,5e-06,1000000,0.01
44,1.2799291498195775,1.2504377530579165,0.4941725058274901,0.5058274941725098,1.0,44,10,2.6666666666666665,1.0000001,0,0,1000000,0.01
44,1.264731048307963,1.23714786091692,0.49448750551248927,0.5055124944875107,1.0,44,10,2.6666666666666665,1.0000002,1e-06,1e-06,1000000,0.01
44,1.257312500021564,1.2426900000214003,0.4970755029245146,0.5029244970754854,1.0,44,10,2.6666666666666665,1.0000003,2e-06,2e-06,1000000,0.01
44,1.2513711877231537,1.2281750558106566,0.49532250467742067,0.5046774953225793,1.0,44,10,2.6666666666666665,1.0000004,3e-06,3e-06,1000000,0.01
44,1.2493617551947303,1.2434745762925705,0.4988815011185046,0.5011184988814954,1.0,44,10,2.6666666666666665,1.0000005,4e-06,4e-06,1000000,0.01
44,1.2633358302338606,1.2335455680612346,0.49403450596552817,0.5059654940344718,1.0,44,10,2.6666666666666665,1.0000005,5e-06,5e-06,1000000,0.01
45,1.2071028946935776,1.2250997081922566,0.5037604962395023,0.4962395037604978,1.0,45,10,2.6666666666666665,1.0000001,0,0,1000000,0.01
45,1.1924194703141036,1.1933635496387043,0.5002574997424479,0.4997425002575521,1.0,45,10,2.6666666666666665,1.0000002,1e-06,1e-06,1000000,0.01
45,1.1974897417536707,1.2159290540749033,0.5038804961194843,0.49611950388051573,1.0,45,10,2.6666666666666665,1.0000003,2e-06,2e-06,1000000,0.01
45,1.2036944377180818,1.2252611124815433,0.5044394955604866,0.4955605044395133,1.0,45,10,2.6666666666666665,1.0000004,3e-06,3e-06,1000000,0.01
45,1.2359453525461432,1.2036765064857806,0.4933865066135357,0.5066134933864643,1.0,45,10,2.6666666666666665,1.0000005,4e-06,4e-06,1000000,0.01
45,1.1892582813454224,1.2111281805297232,0.5045554954445161,0.49544450455548394,1.0,45,10,2.6666666666666665,1.0000005,5e-06,5e-06,1000000,0.01
46,1.1829137199638136,1.1744672324576517,0.4982085017914721,0.501791498208528,1.0,46,10,2.6666666666666665,1.0000001,0,0,1000000,0.01
46,1.1525828278312877,1.1803219034492554,0.5060034939965058,0.4939965060034942,1.0,46,10,2.6666666666666665,1.0000002,1e-06,1e-06,1000000,0.01
46,1.18175442741117,1.1795230224523143,0.49952750047246997,0.50047249952753,1.0,46,10,2.6666666666666665,1.0000003,2e-06,2e-06,1000000,0.01
46,1.1527519110692075,1.1636738475992792,0.5023574976424778,0.49764250235752217,1.0,46,10,2.6666666666666665,1.0000004,3e-06,3e-06,1000000,0.01
46,1.1681721947977655,1.1842178311189262,0.5034104965895075,0.4965895034104925,1.0,46,10,2.6666666666666665,1.0000005,4e-06,4e-06,1000000,0.01
46,1.172461466624405,1.1626266635736993,0.49795250204755576,0.5020474979524443,1.0,46,10,2.6666666666666665,1.0000005,5e-06,5e-06,1000000,0.01
47,1.1832020873068292,1.1887167931893416,0.5011624988375148,0.49883750116248515,1.0,47,10,2.6666666666666665,1.0000001,0,0,1000000,0.01
47,1.1964644051806315,1.1924534161695493,0.4991605008394941,0.500839499160506,1.0,47,10,2.6666666666666665,1.0000002,1e-06,1e-06,1000000,0.01
47,1.185048201290011,1.1659614480689797,0.4959995040005159,0.5040004959994842,1.0,47,10,2.6666666666666665,1.0000003,2e-06,2e-06,1000000,0.01
47,1.1913156020152373,1.183419615313629,0.49833750166250323,0.5016624983374968,1.0,47,10,2.6666666666666665,1.0000004,3e-06,3e-06,1000000,0.01
47,1.1808380682020911,1.1865885416870794,0.5012144987855098,0.49878550121449017,1.0,47,10,2.6666666666666665,1.0000005,4e-06,4e-06,1000000,0.01
47,1.1850940733976236,1.166468375284543,0.49609850390148647,0.5039014960985135,1.0,47,10,2.6666666666666665,1.0000005,5e-06,5e-06,1000000,0.01
48,1.1383413627173196,1.155500000019968,0.5037974962025518,0.4962025037974482,1.0,48,10,2.6666666666666665,1.0000001,0,0,1000000,0.01
48,1.145205040111313,1.145747995437795,0.5001184998815028,0.49988150011849725,1.0,48,10,2.6666666666666665,1.0000002,1e-06,1e-06,1000000,0.01
48,1.1451193755935352,1.1505670339959635,0.5011864988135297,0.4988135011864703,1.0,48,10,2.6666666666666665,1.0000003,2e-06,2e-06,1000000,0.01
48,1.1537950011664462,1.1389981659983917,0.4968305031694569,0.5031694968305431,1.0,48,10,2.6666666666666665,1.0000004,3e-06,3e-06,1000000,0.01
48,1.1581166126993132,1.155362017137503,0.4994625005374584,0.5005374994625416,1.0,48,10,2.6666666666666665,1.0000005,4e-06,4e-06,1000000,0.01
48,1.1476678933039952,1.1519774661039515,0.5009944990054996,0.4990055009945004,1.0,48,10,2.6666666666666665,1.0000005,5e-06,5e-06,1000000,0.01
49,1.104462318220849,1.0991538122709659,0.498795501204491,0.501204498795509,1.0,49,10,2.6666666666666665,1.0000001,0,0,1000000,0.01
49,1.123697365477511,1.1280499887606914,0.5009664990335145,0.49903350096648547,1.0,49,10,2.6666666666666665,1.0000002,1e-06,1e-06,1000000,0.01
49,1.1266426642859153,1.123584608480029,0.49932050067944306,0.500679499320557,1.0,49,10,2.6666666666666665,1.0000003,2e-06,2e-06,1000000,0.01
49,1.1136534587163145,1.1247358997506893,0.5025314974684741,0.4974685025315258,1.0,49,10,2.6666666666666665,1.0000004,3e-06,3e-06,1000000,0.01
49,1.125191661081935,1.1164604348992029,0.4980525019474731,0.5019474980525269,1.0,49,10,2.6666666666666665,1.0000005,4e-06,4e-06,1000000,0.01
49,1.1194901610209902,1.116648032219586,0.49936450063551635,0.5006354993644837,1.0,49,10,2.6666666666666665,1.0000005,5e-06,5e-06,1000000,0.01
50,1.1103605015864981,1.1285292142571202,0.5041134958864962,0.4958865041135038,1.0,50,10,2.6666666666666665,1.0000001,0,0,1000000,0.01
50,1.1506648389506122,1.1340073109629945,0.4963545036454689,0.5036454963545312,1.0,50,10,2.6666666666666665,1.0000002,1e-06,1e-06,1000000,0.01
50,1.1351508329776698,1.1160895992987498,0.4957665042334804,0.5042334957665197,1.0,50,10,2.6666666666666665,1.0000003,2e-06,2e-06,1000000,0.01
50,1.1511589253385106,1.1254541315923328,0.4944115055885094,0.5055884944114906,1.0,50,10,2.6666666666666665,1.0000004,3e-06,3e-06,1000000,0.01
50,1.13489772984641,1.112550561816894,0.49508450491550454,0.5049154950844954,1.0,50,10,2.6666666666666665,1.0000005,4e-06,4e-06,1000000,0.01
50,1.1189627301493847,1.1262123933737085,0.5016144983855307,0.49838550161446926,1.0,50,10,2.6666666666666665,1.0000005,5e-06,5e-06,1000000,0.01
51,1.1221547834127,1.1339093165095353,0.5026614973385412,0.4973385026614589,1.0,51,10,2.6666666666666665,1.0000001,0,0,1000000,0.01
51,1.1149540667903393,1.1256934797415579,0.5023964976035257,0.4976035023964744,1.0,51,10,2.6666666666666665,1.0000002,1e-06,1e-06,1000000,0.01
51,1.123529676278228,1.1244212182706894,0.5002544997455328,0.4997455002544672,1.0,51,10,2.6666666666666665,1.0000003,2e-06,2e-06,1000000,0.01
51,1.1258566907969285,1.1345433996578311,0.5019214980785006,0.49807850192149944,1.0,51,10,2.6666666666666665,1.0000004,3e-06,3e-06,1000000,0.01
51,1.1186852678763028,1.113211336774385,0.49882950117052804,0.501170498829472,1.0,51,10,2.6666666666666665,1.0000005,4e-06,4e-06,1000000,0.01
51,1.1050022173137894,1.112294900240946,0.5016444983555473,0.4983555016444528,1.0,51,10,2.6666666666666665,1.0000005,5e-06,5e-06,1000000,0.01
52,1.0764135112060682,1.074820391500549,0.4996835003165175,0.5003164996834825,1.0,52,10,2.6666666666666665,1.0000001,0,0,1000000,0.01
52,1.0900521286025462,1.081974370131567,0.4981405018595107,0.5018594981404892,1.0,52,10,2.6666666666666665,1.0000002,1e-06,1e-06,1000000,0.01
52,1.0768240156808788,1.0982709874047099,0.5049844950155121,0.4950155049844879,1.0,52,10,2.6666666666666665,1.0000003,2e-06,2e-06,1000000,0.01
52,1.0799440980619308,1.069903267430313,0.49771850228152575,0.5022814977184742,1.0,52,10,2.6666666666666665,1.0000004,3e-06,3e-06,1000000,0.01
52,1.0865112749535375,1.0815131151281467,0.4989015010985391,0.5010984989014609,1.0,52,10,2.6666666666666665,1.0000005,4e-06,4e-06,1000000,0.01
52,1.0912505409100977,1.0720852260621643,0.49562450437551653,0.5043754956244835,1.0,52,10,2.6666666666666665,1.0000005,5e-06,5e-06,1000000,0.01
53,1.0267298578375799,1.0338532866445667,0.5017284982714874,0.49827150172851264,1.0,53,10,2.6666666666666665,1.0000001,0,0,1000000,0.01
53,1.028382352958827,1.0141033496906535,0.49650450349550773,0.5034954965044922,1.0,53,10,2.6666666666666665,1.0000002,1e-06,1e-06,1000000,0.01
53,1.0262688728201257,1.041770057916987,0.5037994962005006,0.49620050379949937,1.0,53,10,2.6666666666666665,1.0000003,2e-06,2e-06,1000000,0.01
53,1.0211172725581037,1.0326945984979359,0.5028184971815065,0.4971815028184935,1.0,53,10,2.6666666666666665,1.0000004,3e-06,3e-06,1000000,0.01
53,1.0224579401078893,1.029247025048421,0.5016544983454808,0.49834550165451924,1.0,53,10,2.6666666666666665,1.0000005,4e-06,4e-06,1000000,0.01
53,1.0224142182216795,1.032241627303666,0.5023914976085627,0.4976085023914373,1.0,53,10,2.6666666666666665,1.0000005,5e-06,5e-06,1000000,0.01
54,0.9841080974233423,0.9956998614307175,0.5029274970725153,0.4970725029274848,1.0,54,10,2.6666666666666665,1.0000001,0,0,1000000,0.01
54,1.0048860000173157,0.9951160000170557,0.4975575024424746,0.5024424975575255,1.0,54,10,2.6666666666666665,1.0000002,1e-06,1e-06,1000000,0.01
54,1.0088987138436918,1.0005485232239593,0.4979725020275046,0.5020274979724955,1.0,54,10,2.6666666666666665,1.0000003,2e-06,2e-06,1000000,0.01
54,1.0070279441291081,0.9887846737347883,0.4954795045204828,0.5045204954795173,1.0,54,10,2.6666666666666665,1.0000004,3e-06,3e-06,1000000,0.01
54,0.9888335987431635,1.001614251609515,0.5032104967894756,0.49678950321052445,1.0,54,10,2.6666666666666665,1.0000005,4e-06,4e-06,1000000,0.01
54,0.9996270302958536,1.005588530195796,0.5014864985135266,0.49851350148647344,1.0,54,10,2.6666666666666665,1.0000005,5e-06,5e-06,1000000,0.01
55,1.0318187410470299,1.018624154210681,0.4967825032175084,0.5032174967824916,1.0,55,10,2.6666666666666665,1.0000001,0,0,1000000,0.01
55,1.0313073914115904,1.027578752333902,0.499094500905498,0.500905499094502,1.0,55,10,2.6666666666666665,1.0000002,1e-06,1e-06,1000000,0.01
55,1.0079801860262216,1.013652718836904,0.5014534985465001,0.4985465014534999,1.0,55,10,2.6666666666666665,1.0000003,2e-06,2e-06,1000000,0.01
55,1.0304101401660668,1.0303853286804245,0.5000454999545164,0.49995450004548353,1.0,55,10,2.6666666666666665,1.0000004,3e-06,3e-06,1000000,0.01
55,1.0291291727317176,1.044054726386149,0.5036514963485264,0.49634850365147365,1.0,55,10,2.6666666666666665,1.0000005,4e-06,4e-06,1000000,0.01
55,1.0260969597546956,1.0281368118500407,0.500496499503499,0.499503500496501,1.0,55,10,2.6666666666666665,1.0000005,5e-06,5e-06,1000000,0.01
56,1.0200587163567683,1.0044412955639228,0.49619350380654664,0.5038064961934533,1.0,56,10,2.6666666666666665,1.0000001,0,0,1000000,0.01
56,1.026672805419673,1.0195743810284252,0.49826550173452666,0.5017344982654733,1.0,56,10,2.6666666666666665,1.0000002,1e-06,1e-06,1000000,0.01
56,1.0162824675499407,1.012734834669456,0.49917650082349535,0.5008234991765046,1.0,56,10,2.6666666666666665,1.0000003,2e-06,2e-06,1000000,0.01
56,1.01120640715457,1.0163706407310455,0.5012734987264382,0.4987265012735618,1.0,56,10,2.6666666666666665,1.0000004,3e-06,3e-06,1000000,0.01
56,1.0198604369107205,1.0025925177118815,0.49578150421850087,0.5042184957814991,1.0,56,10,2.6666666666666665,1.0000005,4e-06,4e-06,1000000,0.01
56,1.0167752377272825,1.0062897026271291,0.497408502591539,0.502591497408461,1.0,56,10,2.6666666666666665,1.0000005,5e-06,5e-06,1000000,0.01
57,1.0131609894740412,1.0142104196403579,0.5003094996904908,0.49969050030950923,1.0,57,10,2.6666666666666665,1.0000001,0,0,1000000,0.01
57,1.0255458069957868,1.0146491228244605,0.4973805026195001,0.5026194973804998,1.0,57,10,2.6666666666666665,1.0000002,1e-06,1e-06,1000000,0.01
57,1.0055329027222202,1.0128355196944456,0.5018594981404748,0.4981405018595252,1.0,57,10,2.6666666666666665,1.0000003,2e-06,2e-06,1000000,0.01
57,1.0110483543448312,1.020648110541771,0.5023624976375287,0.4976375023624713,1.0,57,10,2.6666666666666665,1.0000004,3e-06,3e-06,1000000,0.01
57,1.008268292700192,1.0240459256425343,0.5039324960675347,0.49606750393246535,1.0,57,10,2.6666666666666665,1.0000005,4e-06,4e-06,1000000,0.01
57,1.0086154470070268,1.018550577759212,0.5024504975494868,0.49754950245051316,1.0,57,10,2.6666666666666665,1.0000005,5e-06,5e-06,1000000,0.01
58,0.978006236617824,0.9709335412367572,0.4981855018145167,0.5018144981854833,1.0,58,10,2.6666666666666665,1.0000001,0,0,1000000,0.01
58,0.9838920735492483,0.9927851354192941,0.5022494977504917,0.49775050224950834,1.0,58,10,2.6666666666666665,1.0000002,1e-06,1e-06,1000000,0.01
58,0.9767061144152602,0.9954860974337384,0.5048104951894781,0.495189504810522,1.0,58,10,2.6666666666666665,1.0000003,2e-06,2e-06,1000000,0.01
58,0.9819511718917985,0.9711757812667672,0.4972415027585366,0.5027584972414634,1.0,58,10,2.6666666666666665,1.0000004,3e-06,3e-06,1000000,0.01
58,0.9716122728328054,0.9824677608609597,0.5028264971735006,0.4971735028264994,1.0,58,10,2.6666666666666665,1.0000005,4e-06,4e-06,1000000,0.01
58,0.9942379626115211,0.9954178273152311,0.5002964997035375,0.4997035002964625,1.0,58,10,2.6666666666666665,1.0000005,5e-06,5e-06,1000000,0.01
59,0.9192166326500367,0.9371059959320789,0.5048184951814401,0.49518150481855994,1.0,59,10,2.6666666666666665,1.0000001,0,0,1000000,0.01
59,0.9330989583494126,0.92702194942065,0.49836650163347507,0.5016334983665249,1.0,59,10,2.6666666666666665,1.0000002,1e-06,1e-06,1000000,0.01
59,0.9310941854144629,0.9264357355285666,0.498792501207507,0.5012074987924929,1.0,59,10,2.6666666666666665,1.0000003,2e-06,2e-06,1000000,0.01
59,0.9346872082327284,0.9325541449002233,0.4994755005244752,0.5005244994755248,1.0,59,10,2.6666666666666665,1.0000004,3e-06,3e-06,1000000,0.01
59,0.9282328792844919,0.9377887665770226,0.5025604974394922,0.49743950256050784,1.0,59,10,2.6666666666666665,1.0000005,4e-06,4e-06,1000000,0.01
59,0.9425892361915348,0.9066993343351013,0.49034250965748627,0.5096574903425137,1.0,59,10,2.6666666666666665,1.0000005,5e-06,5e-06,1000000,0.01
60,0.9010570287115304,0.9151452960563331,0.5038784961214614,0.4961215038785386,1.0,60,10,2.6666666666666665,1.0000001,0,0,1000000,0.01
60,0.918103543250594,0.9176027900304463,0.4999095000904958,0.5000904999095043,1.0,60,10,2.6666666666666665,1.0000002,1e-06,1e-06,1000000,0.01
60,0.9018954248521797,0.9136474219473585,0.5032364967634598,0.4967635032365401,1.0,60,10,2.6666666666666665,1.0000003,2e-06,2e-06,1000000,0.01
60,0.9180931426633946,0.9154253758866341,0.4992725007274892,0.5007274992725108,1.0,60,10,2.6666666666666665,1.0000004,3e-06,3e-06,1000000,0.01
60,0.9098926296790075,0.9099454049291557,0.500014499985478,0.499985500014522,1.0,60,10,2.6666666666666665,1.0000005,4e-06,4e-06,1000000,0.01
60,0.9202858189971028,0.9117219271085674,0.49770850229151115,0.5022914977084888,1.0,60,10,2.6666666666666665,1.0000005,5e-06,5e-06,1000000,0.01
61,0.8802403251609708,0.8867014134427424,0.5018724981274691,0.4981275018725309,1.0,61,10,2.6666666666666665,1.0000001,0,0,1000000,0.01
61,0.881869026563856,0.8880442478028442,0.501744498255486,0.49825550174451405,1.0,61,10,2.6666666666666665,1.0000002,1e-06,1e-06,1000000,0.01
61,0.8932450684354638,0.8837455579398547,0.4973715026284999,0.5026284973715001,1.0,61,10,2.6666666666666665,1.0000003,2e-06,2e-06,1000000,0.01
61,0.8881416874485304,0.891694251661508,0.5010424989574916,0.4989575010425084,1.0,61,10,2.6666666666666665,1.0000004,3e-06,3e-06,1000000,0.01
61,0.8873091941934841,0.8874729370161077,0.5000904999094824,0.4999095000905176,1.0,61,10,2.6666666666666665,1.0000005,4e-06,4e-06,1000000,0.01
61,0.8926852674757777,0.8843052594324192,0.49768650231351014,0.5023134976864898,1.0,61,10,2.6666666666666665,1.0000005,5e-06,5e-06,1000000,0.01
62,0.8532553373331643,0.8546883006124987,0.5004194995805183,0.4995805004194816,1.0,62,10,2.6666666666666665,1.0000001,0,0,1000000,0.01
62,0.8541959713360148,0.852727427903308,0.49961250038746163,0.5003874996125384,1.0,62,10,2.6666666666666665,1.0000002,1e-06,1e-06,1000000,0.01
62,0.8453927415378042,0.8584767422195405,0.5038394961604934,0.4961605038395066,1.0,62,10,2.6666666666666665,1.0000003,2e-06,2e-06,1000000,0.01
62,0.850681119850752,0.8563878456958264,0.5016714983284952,0.4983285016715048,1.0,62,10,2.6666666666666665,1.0000004,3e-06,3e-06,1000000,0.01
62,0.8611568256302783,0.8603115854855518,0.49975450024546814,0.5002454997545318,1.0,62,10,2.6666666666666665,1.0000005,4e-06,4e-06,1000000,0.01
62,0.8573991489509745,0.8447302127804053,0.49627850372145554,0.5037214962785445,1.0,62,10,2.6666666666666665,1.0000005,5e-06,5e-06,1000000,0.01
63,0.8868235710646624,0.8826203114093152,0.49885650114347063,0.5011434988565294,1.0,63,10,2.6666666666666665,1.0000001,0,0,1000000,0.01
63,0.8822947331238497,0.8910711119146069,0.502474497525514,0.497525502474486,1.0,63,10,2.6666666666666665,1.0000002,1e-06,1e-06,1000000,0.01
63,0.887439046108862,0.8920800711897083,0.5013484986515014,0.49865150134849856,1.0,63,10,2.6666666666666665,1.0000003,2e-06,2e-06,1000000,0.01
63,0.8926622564072416,0.895288753814796,0.5007344992655107,0.49926550073448933,1.0,63,10,2.6666666666666665,1.0000004,3e-06,3e-06,1000000,0.01
63,0.8880134799727163,0.8855098421857922,0.4993385006614861,0.5006614993385139,1.0,63,10,2.6666666666666665,1.0000005,4e-06,4e-06,1000000,0.01
63,0.895791443865723,0.8865834967180807,0.49746150253846333,0.5025384974615367,1.0,63,10,2.6666666666666665,1.0000005,5e-06,5e-06,1000000,0.01
64,0.9231920799566096,0.92711933396602,0.501107498892523,0.4988925011074769,1.0,64,10,2.6666666666666665,1.0000001,0,0,1000000,0.01
64,0.9214585249376821,0.9176241265328575,0.4990035009964912,0.5009964990035088,1.0,64,10,2.6666666666666665,1.0000002,1e-06,1e-06,1000000,0.01
64,0.9275162307708723,0.9274290484299915,0.49997650002351596,0.500023499976484,1.0,64,10,2.6666666666666665,1.0000003,2e-06,2e-06,1000000,0.01
64,0.9231321310427579,0.9171347074136014,0.49837050162948454,0.5016294983705155,1.0,64,10,2.6666666666666665,1.0000004,3e-06,3e-06,1000000,0.01
64,0.9245081663113516,0.9314699332008712,0.5018754981245063,0.4981245018754938,1.0,64,10,2.6666666666666665,1.0000005,4e-06,4e-06,1000000,0.01
64,0.9180425532072933,0.9319256381957892,0.5037984962014893,0.4962015037985107,1.0,64,10,2.6666666666666665,1.0000005,5e-06,5e-06,1000000,0.01
65,0.8778296607355791,0.8710353270524336,0.49805750194252013,0.5019424980574798,1.0,65,10,2.6666666666666665,1.0000001,0,0,1000000,0.01
65,0.8768320140871778,0.8821846965850925,0.5015214984785076,0.4984785015214924,1.0,65,10,2.6666666666666665,1.0000002,1e-06,1e-06,1000000,0.01
65,0.8715879379616517,0.8713332171637959,0.4999705000294937,0.5000294999705063,1.0,65,10,2.6666666666666665,1.0000003,2e-06,2e-06,1000000,0.01
65,0.8732074812246025,0.874740430009772,0.5004384995614907,0.49956150043850933,1.0,65,10,2.6666666666666665,1.0000004,3e-06,3e-06,1000000,0.01
65,0.871420603117635,0.8715005228452396,0.5000664999335046,0.49993350006649545,1.0,65,10,2.6666666666666665,1.0000005,4e-06,4e-06,1000000,0.01
65,0.87907225536408,0.8745467298063954,0.49875350124651463,0.5012464987534854,1.0,65,10,2.6666666666666665,1.0000005,5e-06,5e-06,1000000,0.01
66,0.8508374636960672,0.8581271360365973,0.5021754978244887,0.4978245021755113,1.0,66,10,2.6666666666666665,1.0000001,0,0,1000000,0.01
66,0.8549403341435572,0.8496557013952191,0.49849250150750657,0.5015074984924934,1.0,66,10,2.6666666666666665,1.0000002,1e-06,1e-06,1000000,0.01
66,0.8538085505171613,0.8493358310772484,0.498729501270488,0.501270498729512,1.0,66,10,2.6666666666666665,1.0000003,2e-06,2e-06,1000000,0.01
66,0.8534590332680122,0.8606324991577431,0.5020924979075007,0.4979075020924994,1.0,66,10,2.6666666666666665,1.0000004,3e-06,3e-06,1000000,0.01
66,0.8514141759326878,0.8565294620129752,0.5014974985024799,0.4985025014975201,1.0,66,10,2.6666666666666665,1.0000005,4e-06,4e-06,1000000,0.01
66,0.8356987082847522,0.8418738466845241,0.5018404981595223,0.4981595018404778,1.0,66,10,2.6666666666666665,1.0000005,5e-06,5e-06,1000000,0.01
67,0.898295229538374,0.9018865886743814,0.5009974990025099,0.4990025009974901,1.0,67,10,2.6666666666666665,1.0000001,0,0,1000000,0.01
67,0.9072216216372188,0.8944208250919281,0.4964925035074932,0.5035074964925068,1.0,67,10,2.6666666666666665,1.0000002,1e-06,1e-06,1000000,0.01
67,0.8875593644144765,0.8978378861071905,0.502878497121498,0.49712150287850204,1.0,67,10,2.6666666666666665,1.0000003,2e-06,2e-06,1000000,0.01
67,0.9028264403261441,0.9030444203838925,0.5001054998945051,0.49989450010549485,1.0,67,10,2.6666666666666665,1.0000004,3e-06,3e-06,1000000,0.01
67,0.907217312910099,0.8962110009171069,0.49694850305149235,0.5030514969485077,1.0,67,10,2.6666666666666665,1.0000005,4e-06,4e-06,1000000,0.01
67,0.9074075410583671,0.8966714775546325,0.4970245029754881,0.5029754970245118,1.0,67,10,2.6666666666666665,1.0000005,5e-06,5e-06,1000000,0.01
68,0.844649137512428,0.8299748828005943,0.4956605043394923,0.5043394956605076,1.0,68,10,2.6666666666666665,1.0000001,0,0,1000000,0.01
68,0.830667222699849,0.8372515010150536,0.5020154979845007,0.49798450201549926,1.0,68,10,2.6666666666666665,1.0000002,1e-06,1e-06,1000000,0.01
68,0.8326606576674448,0.8363718291198589,0.501153498846508,0.49884650115349205,1.0,68,10,2.6666666666666665,1.0000003,2e-06,2e-06,1000000,0.01
68,0.8398094756508828,0.8462485247153044,0.5019094980905233,0.4980905019094767,1.0,68,10,2.6666666666666665,1.0000004,3e-06,3e-06,1000000,0.01
68,0.8299487603448097,0.8229454545596294,0.4978815021185172,0.5021184978814828,1.0,68,10,2.6666666666666665,1.0000005,4e-06,4e-06,1000000,0.01
68,0.8315340909233535,0.8395905748807668,0.5024104975895191,0.49758950241048094,1.0,68,10,2.6666666666666665,1.0000005,5e-06,5e-06,1000000,0.01
69,1.1359790766626943,1.1383011144157356,0.5005104994894979,0.4994895005105021,1.0,69,10,2.6666666666666665,1.0000001,0,0,1000000,0.01
69,1.200520231234509,1.2076691548485854,0.5015444984554998,0.4984555015445003,1.0,69,10,2.6666666666666665,1.0000002,1e-06,1e-06,1000000,0.01
69,1.1660975041021153,1.166538371841868,0.5000944999055145,0.49990550009448553,1.0,69,10,2.6666666666666665,1.0000003,2e-06,2e-06,1000000,0.01
69,1.136448471140727,1.1283038949469084,0.49825850174149006,0.5017414982585099,1.0,69,10,2.6666666666666665,1.0000004,3e-06,3e-06,1000000,0.01
69,1.1568603843681315,1.1584927066649446,0.5003524996474911,0.49964750035250893,1.0,69,10,2.6666666666666665,1.0000005,4e-06,4e-06,1000000,0.01
69,1.1112230375996963,1.1122365495967146,0.5002834997165048,0.49971650028349524,1.0,69,10,2.6666666666666665,1.0000005,5e-06,5e-06,1000000,0.01
70,0.7675026910789005,0.77013222633545,0.5008934991064694,0.4991065008935306,1.0,70,10,2.6666666666666665,1.0000001,0,0,1000000,0.01
70,0.7678973331410741,0.7735295931081548,0.5018654981344478,0.49813450186555214,1.0,70,10,2.6666666666666665,1.0000002,1e-06,1e-06,1000000,0.01
70,0.7723259396313177,0.7679146773579766,0.49860650139346396,0.501393498606536,1.0,70,10,2.6666666666666665,1.0000003,2e-06,2e-06,1000000,0.01
70,0.7691496913712921,0.7740617284083153,0.5015914984084697,0.4984085015915302,1.0,70,10,2.6666666666666665,1.0000004,3e-06,3e-06,1000000,0.01
70,0.7676206630818216,0.7742815294613388,0.502198497801496,0.49780150219850405,1.0,70,10,2.6666666666666665,1.0000005,4e-06,4e-06,1000000,0.01
70,0.7748028452275306,0.771510746881926,0.498935501064466,0.5010644989355341,1.0,70,10,2.6666666666666665,1.0000005,5e-06,5e-06,1000000,0.01
71,0.7604032381373756,0.7670154269262958,0.502164497835518,0.4978355021644821,1.0,71,10,2.6666666666666665,1.0000001,0,0,1000000,0.01
71,0.7626952410137505,0.7625102943549958,0.4999775000224783,0.5000224999775217,1.0,71,10,2.6666666666666665,1.0000002,1e-06,1e-06,1000000,0.01
71,0.7571465451914343,0.7614578587830314,0.5014194985805104,0.4985805014194896,1.0,71,10,2.6666666666666665,1.0000003,2e-06,2e-06,1000000,0.01
71,0.7592616323547626,0.7661760219777894,0.5023044976955087,0.4976955023044914,1.0,71,10,2.6666666666666665,1.0000004,3e-06,3e-06,1000000,0.01
71,0.7692525654903871,0.7623770868563515,0.4977555022444554,0.5022444977555446,1.0,71,10,2.6666666666666665,1.0000005,4e-06,4e-06,1000000,0.01
71,0.7653635116729646,0.7587959152698577,0.4978455021544957,0.5021544978455044,1.0,71,10,2.6666666666666665,1.0000005,5e-06,5e-06,1000000,0.01
72,0.7543873996797648,0.7600772376323444,0.5018784981215137,0.4981215018784862,1.0,72,10,2.6666666666666665,1.0000001,0,0,1000000,0.01
72,0.7565213469763197,0.7467874323640075,0.4967625032374974,0.5032374967625026,1.0,72,10,2.6666666666666665,1.0000002,1e-06,1e-06,1000000,0.01
72,0.7591494845490834,0.7569223772113558,0.4992655007345293,0.5007344992654706,1.0,72,10,2.6666666666666665,1.0000003,2e-06,2e-06,1000000,0.01
72,0.7538971807758592,0.7537177747754534,0.4999405000594664,0.5000594999405337,1.0,72,10,2.6666666666666665,1.0000004,3e-06,3e-06,1000000,0.01
72,0.7544801942760763,0.7630864947020926,0.5028734971265397,0.49712650287346033,1.0,72,10,2.6666666666666665,1.0000005,4e-06,4e-06,1000000,0.01
72,0.7630700949013769,0.7672700841754032,0.5014104985895104,0.4985895014104897,1.0,72,10,2.6666666666666665,1.0000005,5e-06,5e-06,1000000,0.01
73,0.7172813715726766,0.7233304523315915,0.5021354978644634,0.4978645021355365,1.0,73,10,2.6666666666666665,1.0000001,0,0,1000000,0.01
73,0.7286244383369006,0.7208624438448441,0.49732250267750844,0.5026774973224916,1.0,73,10,2.6666666666666665,1.0000002,1e-06,1e-06,1000000,0.01
73,0.718013787173069,0.7180470993804965,0.5000474999524842,0.49995250004751585,1.0,73,10,2.6666666666666665,1.0000003,2e-06,2e-06,1000000,0.01
73,0.7268140951401095,0.7233033642815634,0.4987895012104929,0.5012104987895071,1.0,73,10,2.6666666666666665,1.0000004,3e-06,3e-06,1000000,0.01
73,0.7370399419153595,0.7153943355242711,0.4925485074514884,0.5074514925485116,1.0,73,10,2.6666666666666665,1.0000005,4e-06,4e-06,1000000,0.01
73,0.7164335360679459,0.7315841297547961,0.5052314947684847,0.49476850523151533,1.0,73,10,2.6666666666666665,1.0000005,5e-06,5e-06,1000000,0.01
74,0.7230912235316587,0.7179365994359764,0.4982475017525032,0.5017524982474968,1.0,74,10,2.6666666666666665,1.0000001,0,0,1000000,0.01
74,0.7152115302001444,0.7188928725206152,0.5012834987165113,0.49871650128348866,1.0,74,10,2.6666666666666665,1.0000002,1e-06,1e-06,1000000,0.01
74,0.7225997109950635,0.7223840485603261,0.49996150003850953,0.5000384999614905,1.0,74,10,2.6666666666666665,1.0000003,2e-06,2e-06,1000000,0.01
74,0.7150692041645264,0.7265806544740813,0.5040284959715122,0.49597150402848783,1.0,74,10,2.6666666666666665,1.0000004,3e-06,3e-06,1000000,0.01
74,0.7210966811090757,0.7219062049186092,0.5002804997194988,0.49971950028050116,1.0,74,10,2.6666666666666665,1.0000005,4e-06,4e-06,1000000,0.01
74,0.7196810966934634,0.723217428954863,0.5012614987385023,0.4987385012614977,1.0,74,10,2.6666666666666665,1.0000005,5e-06,5e-06,1000000,0.01
75,0.7277366434503441,0.7239599361425296,0.4987355012645163,0.5012644987354836,1.0,75,10,2.6666666666666665,1.0000001,0,0,1000000,0.01
75,0.7277997097366993,0.7235805515364294,0.4985465014535305,0.5014534985464695,1.0,75,10,2.6666666666666665,1.0000002,1e-06,1e-06,1000000,0.01
75,0.7214318840703495,0.7278449275487602,0.5022124977875159,0.49778750221248413,1.0,75,10,2.6666666666666665,1.0000003,2e-06,2e-06,1000000,0.01
75,0.727141609676273,0.7282520739464685,0.5003814996185195,0.4996185003814805,1.0,75,10,2.6666666666666665,1.0000004,3e-06,3e-06,1000000,0.01
75,0.7219716271114119,0.7256268095087178,0.501262498737509,0.49873750126249095,1.0,75,10,2.6666666666666665,1.0000005,4e-06,4e-06,1000000,0.01
75,0.7230552342518785,0.7227642041471541,0.4999355000644947,0.5000644999355053,1.0,75,10,2.6666666666666665,1.0000005,5e-06,5e-06,1000000,0.01
76,0.6810523438684646,0.6855356654941652,0.5016744983255101,0.4983255016744898,1.0,76,10,2.6666666666666665,1.0000001,0,0,1000000,0.01
76,0.6858991527857823,0.6805957912114652,0.49805950194048876,0.5019404980595112,1.0,76,10,2.6666666666666665,1.0000002,1e-06,1e-06,1000000,0.01
76,0.6911019624106728,0.6812062577309296,0.4963945036054939,0.503605496394506,1.0,76,10,2.6666666666666665,1.0000003,2e-06,2e-06,1000000,0.01
76,0.6815957738866147,0.6904294141975865,0.5032534967464753,0.49674650325352465,1.0,76,10,2.6666666666666665,1.0000004,3e-06,3e-06,1000000,0.01
76,0.6767862501822022,0.6871917621503182,0.5038484961514581,0.49615150384854184,1.0,76,10,2.6666666666666665,1.0000005,4e-06,4e-06,1000000,0.01
76,0.6809387867259754,0.6915577820596212,0.5038684961314845,0.49613150386851546,1.0,76,10,2.6666666666666665,1.0000005,5e-06,5e-06,1000000,0.01
77,0.6848211593923496,0.6856064136063974,0.5002864997134907,0.4997135002865093,1.0,77,10,2.6666666666666665,1.0000001,0,0,1000000,0.01
77,0.6829940038275147,0.6797765058715662,0.49881950118048163,0.5011804988195184,1.0,77,10,2.6666666666666665,1.0000002,1e-06,1e-06,1000000,0.01
77,0.6839675395643863,0.6798254466229069,0.4985155014845088,0.5014844985154912,1.0,77,10,2.6666666666666665,1.0000003,2e-06,2e-06,1000000,0.01
77,0.6837433008225404,0.6903558670082757,0.5024404975594907,0.49755950244050934,1.0,77,10,2.6666666666666665,1.0000004,3e-06,3e-06,1000000,0.01
77,0.6834077218079878,0.6857064622243035,0.500839499160525,0.49916050083947505,1.0,77,10,2.6666666666666665,1.0000005,4e-06,4e-06,1000000,0.01
77,0.6846540622120914,0.6853041096007948,0.500271499728483,0.499728500271517,1.0,77,10,2.6666666666666665,1.0000005,5e-06,5e-06,1000000,0.01
78,0.6932521450437578,0.690545177817305,0.49905650094348875,0.5009434990565113,1.0,78,10,2.6666666666666665,1.0000001,0,0,1000000,0.01
78,0.6907761235299215,0.6877750206900753,0.4989115010885054,0.5010884989114945,1.0,78,10,2.6666666666666665,1.0000002,1e-06,1e-06,1000000,0.01
78,0.6902709427821146,0.6920915123149073,0.5006584993415004,0.4993415006584996,1.0,78,10,2.6666666666666665,1.0000003,2e-06,2e-06,1000000,0.01
78,0.6940832411623942,0.688566293389385,0.49803950196048113,0.5019604980395189,1.0,78,10,2.6666666666666665,1.0000004,3e-06,3e-06,1000000,0.01
78,0.691052267710996,0.6915968477928844,0.5002314997684968,0.49976850023150327,1.0,78,10,2.6666666666666665,1.0000005,4e-06,4e-06,1000000,0.01
78,0.6884073971964884,0.6916657466307069,0.5011804988194983,0.4988195011805017,1.0,78,10,2.6666666666666665,1.0000005,5e-06,5e-06,1000000,0.01
79,0.71264029702783,0.7153205769078913,0.5009384990614882,0.4990615009385117,1.0,79,10,2.6666666666666665,1.0000001,0,0,1000000,0.01
79,0.7104698367758794,0.7089779985927305,0.4994745005254943,0.5005254994745056,1.0,79,10,2.6666666666666665,1.0000002,1e-06,1e-06,1000000,0.01
79,0.7046098286482962,0.7116215833573484,0.5024754975244907,0.4975245024755092,1.0,79,10,2.6666666666666665,1.0000003,2e-06,2e-06,1000000,0.01
79,0.7109152927922087,0.7102472644714902,0.49980050019949807,0.5001994998005019,1.0,79,10,2.6666666666666665,1.0000004,3e-06,3e-06,1000000,0.01
79,0.71130087106749,0.7165576813372678,0.5018764981234992,0.4981235018765008,1.0,79,10,2.6666666666666665,1.0000005,4e-06,4e-06,1000000,0.01
79,0.704882402959143,0.7119509776262717,0.5024944975054894,0.49750550249451064,1.0,79,10,2.6666666666666665,1.0000005,5e-06,5e-06,1000000,0.01
